{"packages/cupertino_icons/assets/CupertinoIcons.ttf":["packages/cupertino_icons/assets/CupertinoIcons.ttf"],"images/background.jpg":["images/background.jpg"],"images/c_child.jpg":["images/c_child.jpg"],"images/c_men.jpg":["images/c_men.jpg"],"images/c_women.jpg":["images/c_women.jpg"],"images/child.png":["images/child.png"],"packages/rflutter_alert/assets/images/close.png":["packages/rflutter_alert/assets/images/close.png","packages/rflutter_alert/assets/images/2.0x/close.png","packages/rflutter_alert/assets/images/3.0x/close.png"],"images/female.png":["images/female.png"],"packages/rflutter_alert/assets/images/icon_error.png":["packages/rflutter_alert/assets/images/icon_error.png","packages/rflutter_alert/assets/images/2.0x/icon_error.png","packages/rflutter_alert/assets/images/3.0x/icon_error.png"],"packages/rflutter_alert/assets/images/icon_info.png":["packages/rflutter_alert/assets/images/icon_info.png","packages/rflutter_alert/assets/images/2.0x/icon_info.png","packages/rflutter_alert/assets/images/3.0x/icon_info.png"],"packages/rflutter_alert/assets/images/icon_success.png":["packages/rflutter_alert/assets/images/icon_success.png","packages/rflutter_alert/assets/images/2.0x/icon_success.png","packages/rflutter_alert/assets/images/3.0x/icon_success.png"],"packages/rflutter_alert/assets/images/icon_warning.png":["packages/rflutter_alert/assets/images/icon_warning.png","packages/rflutter_alert/assets/images/2.0x/icon_warning.png","packages/rflutter_alert/assets/images/3.0x/icon_warning.png"],"images/item_care.png":["images/item_care.png"],"images/loading.gif":["images/loading.gif"],"images/male.png":["images/male.png"],"images/new_reachpill.png":["images/new_reachpill.png"],"images/pharmacy.png":["images/pharmacy.png"],"images/pharmacy_icon.png":["images/pharmacy_icon.png"],"images/placeholder.gif":["images/placeholder.gif"],"images/product.png":["images/product.png"],"images/app_logo/reachpill.png":["images/app_logo/reachpill.png"],"images/reachpill_icon.png":["images/reachpill_icon.png"],"images/splashImage.png":["images/splashImage.png"],"images/user.png":["images/user.png"]}